region,percent
Tirane,52.44107744107745
Other,27.08032708032708
Durres,15.452140452140453
Vlore,5.026455026455026
