region,percent
Tirane,46.277372262773724
Other,29.963503649635037
Durres,17.798053527980535
Vlore,5.961070559610706
