region,percent
Tirane,45.84463625154131
Other,30.406905055487055
Durres,19.013563501849568
Vlore,4.734895191122072
