region,percent
Tirane,52.644710578842314
Other,25.449101796407188
Durres,15.6686626746507
Vlore,6.2375249500998
