region,percent
Tirane,49.50535861500413
Other,25.061830173124484
Durres,17.724649629018963
Vlore,7.708161582852433
