region,percent
Tirane,51.45324090964368
Other,26.182658397178642
Durres,16.12550164173659
Vlore,6.2385990514410805
