region,percent
Tirane,47.906026557711954
Other,30.28600612870276
Durres,16.930541368743615
Vlore,4.877425944841675
