region,percent
Tirane,49.637636653973715
Other,28.09237194447857
Durres,17.221471563689963
Vlore,5.048519837857757
