region,percent
Tirane,52.459995223310244
Other,26.665870551707666
Durres,15.834726534511583
Vlore,5.039407690470504
