region,percent
Tirane,46.37223974763407
Other,28.454258675078865
Durres,18.763406940063092
Vlore,6.410094637223975
