region,percent
Tirane,53.3162643257742
Other,25.932699341623994
Durres,15.642526213118751
Vlore,5.108510119483053
