region,percent
Tirane,47.62065474181573
Other,30.18899763752953
Durres,18.511643604454946
Vlore,3.6787040161997977
