region,percent
Tirane,46.95358438633804
Other,29.012886275491056
Durres,17.67796822219442
Vlore,6.35556111597648
