region,percent
Tirane,46.183879093198996
Other,29.408060453400502
Durres,19.307304785894207
Vlore,5.100755667506298
