region,percent
Tirane,44.95240480961924
Other,30.072645290581164
Durres,18.524549098196395
Vlore,6.450400801603207
