region,percent
Tirane,46.79930795847751
Other,30.511616411270392
Durres,16.732575383094414
Vlore,5.9565002471576864
