region,percent
Tirane,46.060382916053015
Other,30.657830142366226
Durres,16.384388807069218
Vlore,6.897398134511537
