region,percent
Tirane,48.809231524674686
Other,28.89761846304935
Durres,16.87945003682789
Vlore,5.413699975448073
