region,percent
Tirane,44.57178841309823
Other,30.730478589420656
Durres,19.2191435768262
Vlore,5.478589420654912
