fuel,percent
Dizel / Naftë,65.95717884130983
Benzin,20.56675062972292
Gaz (TNG) / Benzinë,12.191435768261965
Hibrid & CNG,0.7304785894206549
Elektrikë,0.4408060453400504
Tjetër,0.10075566750629722
"Etanol (FFV, E85)",0.012594458438287152
