fuel,percent
Dizel / Naftë,68.08457400225197
Benzin,20.00500437883148
Gaz (TNG) / Benzinë,11.022144376329287
Elektrikë,0.40035030651820347
Hibrid & CNG,0.3377955711247342
Tjetër,0.13762041786563242
"Etanol (FFV, E85)",0.012510947078693858
