fuel,percent
Dizel / Naftë,68.2073544433095
Benzin,18.820224719101123
Gaz (TNG) / Benzinë,11.631767109295199
Hibrid & CNG,0.7150153217568949
Elektrikë,0.4851889683350358
Tjetër,0.12768130745658834
"Etanol (FFV, E85)",0.012768130745658836
