fuel,percent
Dizel / Naftë,68.86649874055416
Benzin,18.602015113350127
Gaz (TNG) / Benzinë,11.637279596977331
Hibrid & CNG,0.3778337531486146
Elektrikë,0.36523929471032746
Tjetër,0.1385390428211587
"Etanol (FFV, E85)",0.012594458438287152
