fuel,percent
Dizel / Naftë,67.68342951360263
Benzin,20.07419620774938
Gaz (TNG) / Benzinë,11.046990931574609
Elektrikë,0.6595218466611706
Hibrid & CNG,0.4122011541632316
Tjetër,0.08244023083264633
"Etanol (FFV, E85)",0.041220115416323165
