fuel,percent
Dizel / Naftë,69.64720194647201
Benzin,18.150851581508515
Gaz (TNG) / Benzinë,11.386861313868613
Elektrikë,0.36496350364963503
Hibrid & CNG,0.35279805352798055
Tjetër,0.08515815085158152
"Etanol (FFV, E85)",0.012165450121654502
