fuel,percent
Dizel / Naftë,67.32429099876695
Benzin,20.887792848335387
Gaz (TNG) / Benzinë,10.961775585696671
Elektrikë,0.39457459926017263
Hibrid & CNG,0.3205918618988903
Tjetër,0.09864364981504316
"Etanol (FFV, E85)",0.012330456226880395
