fuel,percent
Dizel / Naftë,67.73540330745865
Benzin,19.15288558893014
Gaz (TNG) / Benzinë,12.149848126898414
Elektrikë,0.5062436719541006
Hibrid & CNG,0.3374957813027337
Tjetër,0.10124873439082012
"Etanol (FFV, E85)",0.016874789065136685
