fuel,percent
Dizel / Naftë,61.79653679653679
Benzin,27.5012025012025
Gaz (TNG) / Benzinë,9.932659932659933
Hibrid & CNG,0.33670033670033667
Elektrikë,0.3246753246753247
Tjetër,0.0962000962000962
"Etanol (FFV, E85)",0.012025012025012025
