fuel,percent
Dizel / Naftë,61.75361790100936
Benzin,27.970327131217314
Gaz (TNG) / Benzinë,9.509911224613887
Hibrid & CNG,0.34050833029308036
Elektrikë,0.3161863067007175
Tjetër,0.09728809436945154
"Etanol (FFV, E85)",0.012161011796181443
