fuel,percent
Dizel / Naftë,65.70095752516572
Benzin,22.10901055732875
Gaz (TNG) / Benzinë,11.367542352074638
Elektrikë,0.3805548735575743
Hibrid & CNG,0.3437269825681316
Tjetër,0.0859317456420329
"Etanol (FFV, E85)",0.012275963663147557
