fuel,percent
Dizel / Naftë,67.01596806387225
Benzin,20.65868263473054
Gaz (TNG) / Benzinë,11.027944111776447
Elektrikë,0.5988023952095809
Hibrid & CNG,0.5489021956087825
Tjetër,0.14970059880239522
