fuel,percent
Dizel / Naftë,68.39929859719439
Benzin,18.18637274549098
Gaz (TNG) / Benzinë,11.87374749498998
Hibrid & CNG,0.9894789579158316
Elektrikë,0.4133266533066132
Tjetër,0.125250501002004
"Etanol (FFV, E85)",0.0125250501002004
