fuel,percent
Dizel / Naftë,62.43599122165325
Benzin,27.298219946354546
Gaz (TNG) / Benzinë,9.49768349183126
Hibrid & CNG,0.34138015118263837
Elektrikë,0.3169958546695928
Tjetër,0.0975371860521824
"Etanol (FFV, E85)",0.0121921482565228
