fuel,percent
Dizel / Naftë,63.88650042992261
Benzin,24.40732096794006
Gaz (TNG) / Benzinë,10.895467387298858
Elektrikë,0.3807886009089792
Hibrid & CNG,0.34393809114359414
Tjetër,0.07370101953077017
"Etanol (FFV, E85)",0.012283503255128362
