fuel,percent
Dizel / Naftë,60.77143539527108
Benzin,28.743730594697876
Gaz (TNG) / Benzinë,9.720563649390972
Elektrikë,0.33436828278003344
Hibrid & CNG,0.32242655839503226
Tjetër,0.09553379508000956
"Etanol (FFV, E85)",0.011941724385001195
