fuel,percent
Dizel / Naftë,67.6099851705388
Benzin,20.22985664854177
Gaz (TNG) / Benzinë,11.06030647553139
Hibrid & CNG,0.6055363321799307
Elektrikë,0.3954522985664854
Tjetër,0.08650519031141869
"Etanol (FFV, E85)",0.012357884330202669
