fuel,percent
Dizel / Naftë,68.4585174275896
Benzin,19.52626411389298
Gaz (TNG) / Benzinë,11.057928325969563
Elektrikë,0.429553264604811
Hibrid & CNG,0.39273441335297005
Tjetër,0.12272950417280314
"Etanol (FFV, E85)",0.012272950417280314
