fuel,percent
Dizel / Naftë,69.51419558359622
Benzin,18.43533123028391
Gaz (TNG) / Benzinë,11.141955835962145
Elektrikë,0.4037854889589906
Hibrid & CNG,0.3659305993690852
Tjetër,0.12618296529968456
"Etanol (FFV, E85)",0.012618296529968456
