region,percent
Tirane,52.425137072964986
Other,23.998312948123154
Durres,17.545339519190215
Vlore,6.0312104597216365
