region,percent
Tirane,50.4
Other,24.294736842105262
Durres,18.23157894736842
Vlore,7.073684210526316
