hour,percent
11,0.08182201602699284
12,0.9181779839730072
