model,percent
Golf,6.581167735403308
C 220,3.374957813027337
Yaris,2.5818427269659128
A6,2.463719203509956
Touran,1.9574755315558554
Focus,1.889976375295309
Tiguan,1.873101586230172
E 220,1.873101586230172
A3,1.721228484643942
Passat,1.6874789065136686
X5,1.619979750253122
A4,1.5862301721228484
C 300,1.5693553830577116
Caddy,1.5356058049274384
Polo,1.5018562267971651
Q5,1.4343570705366182
220,1.4343570705366182
C 200,1.400607492406345
Astra,1.400607492406345
Jetta,1.3331083361457983
