model,percent
Golf,6.750629722921915
C 300,3.36272040302267
C 220,3.27455919395466
Tiguan,2.4181360201511333
A6,2.4181360201511333
Focus,2.204030226700252
Yaris,2.128463476070529
A4,1.8261964735516372
Passat,1.8261964735516372
Touran,1.81360201511335
Q5,1.7884130982367759
Caddy,1.7758186397984888
E 220,1.712846347607053
Jetta,1.4105793450881612
220,1.3476070528967254
E 350,1.309823677581864
A3,1.2972292191435768
C 200,1.2720403022670026
ML 350,1.2468513853904284
Fiesta,1.234256926952141
