model,percent
Golf,5.389221556886228
A6,3.343313373253493
C 220,3.293413173652695
Tiguan,2.4451097804391217
Yaris,1.996007984031936
Passat,1.9461077844311379
Touran,1.9461077844311379
A3,1.746506986027944
C 300,1.746506986027944
Q5,1.746506986027944
C 200,1.6966067864271457
E 220,1.6467065868263475
XC 60,1.5968063872255487
Focus,1.5469061876247505
Jetta,1.5469061876247505
Caddy,1.4471057884231537
A4,1.4471057884231537
X5,1.2974051896207583
118,1.1976047904191618
Range Rover,1.1477045908183632
