model,percent
Golf,6.052093973442288
C 220,3.9453524004085807
A6,2.96220633299285
Yaris,2.3621041879468847
Q5,2.017364657814096
Tiguan,1.9662921348314606
E 220,1.8513789581205313
Focus,1.8130745658835545
Caddy,1.7492339121552605
Passat,1.723697650663943
A3,1.6726251276813073
A4,1.5832482124616958
Touran,1.5577119509703778
Fiesta,1.5321756894790604
X5,1.3917262512768132
C 300,1.3917262512768132
Jetta,1.31511746680286
XC 60,1.2640449438202246
220,1.1874361593462717
C 200,1.149131767109295
