model,percent
Golf,6.534823731728288
A6,4.680014740203906
C 300,4.041272570937231
C 220,3.120009826802604
Tiguan,2.886623264955165
E 220,2.3215821152192606
Yaris,2.0881955533718215
Caddy,2.002211030585923
A3,1.9407935143102812
Focus,1.8179584817589978
Passat,1.756540965483356
Touran,1.6705564426974573
XC 60,1.4985873971256602
Q5,1.4126028743397616
A4,1.3880358678295048
Polo,1.3757523645743766
Fiesta,1.3634688613192483
ML 350,1.3020513450436064
220,1.252917332023093
X5,1.0932317897064243
