model,percent
Golf,6.914258418915692
A6,6.2694053021256275
C 300,5.8275614998805825
C 220,2.9376641987102934
Tiguan,2.459995223310246
Caddy,2.256985908765226
C 250,2.0659183186052066
Passat,1.89873417721519
Focus,1.6360162407451635
E 220,1.5763076188201577
Yaris,1.552424170050155
A4,1.552424170050155
Touran,1.528540721280153
A3,1.4807738237401482
Jetta,1.3135896823501314
Q5,1.229997611655123
220,1.2180558872701217
E 350,1.2180558872701217
XC 60,0.9433962264150944
Auris,0.9314545020300932
