model,percent
Golf,5.904738521973975
C 220,3.486373680333906
A6,3.400441934691873
Tiguan,2.516572550945249
C 300,2.3201571323348884
Focus,2.1973974957034126
A4,1.7800147311563959
Passat,1.767738767493248
E 220,1.7554628038301008
Yaris,1.743186840166953
A3,1.718634912840658
Caddy,1.6572550945249205
Touran,1.6572550945249205
Polo,1.3994598575988215
Q5,1.387183893935674
ML 350,1.362631966609379
Fiesta,1.362631966609379
220,1.276700220967346
XC 60,1.1416646206727228
Golf Plus,1.0925607660201326
